condition,AUC,BalAcc
Zero-shot (no fine-tune),0.36689201040389086,0.42071304079073746
Scratch (HyperPI random),0.8836716668764628,0.7422731377178132
Frozen TL (head only),0.7212868436762319,0.5
"Plain LSTM (no EFC, scr.)",0.8925100955830915,0.6856959789320143
PILSTM (full TL),0.9008999386679845,0.6835755760138698
HyperPILSTM (full TL ours),0.8988459905166998,0.7603771130523933
